{"cameraMode":{"drawMode":0,"name":"Shaded","section":"Shading Mode"},"sceneLighting":true,"audioPlay":false,"sceneViewState":{"showFog":true,"showMaterialUpdate":false,"showSkybox":true,"showFlares":true,"showImageEffects":true,"showParticleSystems":true},"in2DMode":false,"pivot":{"x":34.59695053100586,"y":204.6385955810547,"z":-10.6328125},"rotation":{"x":-0.0044660307466983799,"y":0.12209184467792511,"z":0.0005509312613867223,"w":0.992508590221405},"size":54.23158645629883,"orthographic":true}