{"cameraMode":{"drawMode":0,"name":"Shaded","section":"Shading Mode"},"sceneLighting":true,"audioPlay":false,"sceneViewState":{"showFog":true,"showMaterialUpdate":false,"showSkybox":true,"showFlares":true,"showImageEffects":true,"showParticleSystems":true},"in2DMode":false,"pivot":{"x":0.0,"y":201.25750732421876,"z":-0.0549999475479126},"rotation":{"x":0.050633206963539126,"y":0.11598441004753113,"z":-0.005918899551033974,"w":0.9919419884681702},"size":17.15377426147461,"orthographic":true}